Serial_number:,,,,,
2184933,,,,,
Project ID:,,,,,
,,,,,
Location:,,,,,
,,,,,
LEVEL,,,,,
UNIT: kPa,,,,,
TEMPERATURE,,,,,
UNIT: °C,,,,,
Date,Time,,ms,LEVEL,TEMPERATURE
8/19/2024,9:00:00 PM,2:00:00 PM,0,74.4786,22.265
8/19/2024,9:30:00 PM,2:30:00 PM,0,74.4898,22.058
8/19/2024,10:00:00 PM,3:00:00 PM,0,74.4721,22.322
8/19/2024,10:30:00 PM,3:30:00 PM,0,74.4561,22.51
8/19/2024,11:00:00 PM,4:00:00 PM,0,74.4474,22.676
8/19/2024,11:30:00 PM,4:30:00 PM,0,74.4465,22.665
8/20/2024,12:00:00 AM,5:00:00 PM,0,74.4433,22.413
8/20/2024,12:30:00 AM,5:30:00 PM,0,74.4329,22.159
8/20/2024,1:00:00 AM,6:00:00 PM,0,74.4454,21.72
8/20/2024,1:30:00 AM,6:30:00 PM,0,74.4362,21.441
8/20/2024,2:00:00 AM,7:00:00 PM,0,74.4332,21.12
8/20/2024,2:30:00 AM,7:30:00 PM,0,74.4506,20.75
8/20/2024,3:00:00 AM,8:00:00 PM,0,74.453,20.283
8/20/2024,3:30:00 AM,8:30:00 PM,0,74.4714,19.719
8/20/2024,4:00:00 AM,9:00:00 PM,0,74.4858,19.063
8/20/2024,4:30:00 AM,9:30:00 PM,0,74.4935,18.305
8/20/2024,5:00:00 AM,10:00:00 PM,0,74.5052,17.528
8/20/2024,5:30:00 AM,10:30:00 PM,0,74.5261,16.582
8/20/2024,6:00:00 AM,11:00:00 PM,0,74.5229,15.698
8/20/2024,6:30:00 AM,11:30:00 PM,0,74.5206,14.708
8/20/2024,7:00:00 AM,12:00:00 AM,0,74.5318,13.79
8/20/2024,7:30:00 AM,12:30:00 AM,0,74.5321,12.979
8/20/2024,8:00:00 AM,1:00:00 AM,0,74.5229,12.15
8/20/2024,8:30:00 AM,1:30:00 AM,0,74.5091,11.433
8/20/2024,9:00:00 AM,2:00:00 AM,0,74.5042,10.614
8/20/2024,9:30:00 AM,2:30:00 AM,0,74.4956,9.888
8/20/2024,10:00:00 AM,3:00:00 AM,0,74.4912,9.246
8/20/2024,10:30:00 AM,3:30:00 AM,0,74.4808,8.62
8/20/2024,11:00:00 AM,4:00:00 AM,0,74.4644,8.04
8/20/2024,11:30:00 AM,4:30:00 AM,0,74.4658,7.477
8/20/2024,12:00:00 PM,5:00:00 AM,0,74.4592,6.996
8/20/2024,12:30:00 PM,5:30:00 AM,0,74.4624,6.487
8/20/2024,1:00:00 PM,6:00:00 AM,0,74.464,5.98
8/20/2024,1:30:00 PM,6:30:00 AM,0,74.4838,5.554
8/20/2024,2:00:00 PM,7:00:00 AM,0,74.4806,5.149
8/20/2024,2:30:00 PM,7:30:00 AM,0,74.4742,6.935
8/20/2024,3:00:00 PM,8:00:00 AM,0,74.466,7.973
8/20/2024,3:30:00 PM,8:30:00 AM,0,74.4812,9.435
8/20/2024,4:00:00 PM,9:00:00 AM,0,74.4679,11.063
8/20/2024,4:30:00 PM,9:30:00 AM,0,74.463,12.097
8/20/2024,5:00:00 PM,10:00:00 AM,0,74.4704,12.994
8/20/2024,5:30:00 PM,10:30:00 AM,0,74.4815,14.092
8/20/2024,6:00:00 PM,11:00:00 AM,0,74.4785,15.027
8/20/2024,6:30:00 PM,11:30:00 AM,0,74.4911,15.806
8/20/2024,7:00:00 PM,12:00:00 PM,0,74.4833,16.12
8/20/2024,7:30:00 PM,12:30:00 PM,0,74.4779,17.366
8/20/2024,8:00:00 PM,1:00:00 PM,0,74.4686,18.881
8/20/2024,8:30:00 PM,1:30:00 PM,0,74.468,19.983
8/20/2024,9:00:00 PM,2:00:00 PM,0,74.4596,20.868
8/20/2024,9:30:00 PM,2:30:00 PM,0,74.4523,21.64
8/20/2024,10:00:00 PM,3:00:00 PM,0,74.4328,21.928
8/20/2024,10:30:00 PM,3:30:00 PM,0,74.4105,21.972
8/20/2024,11:00:00 PM,4:00:00 PM,0,74.4206,21.844
8/20/2024,11:30:00 PM,4:30:00 PM,0,74.4214,21.858
8/21/2024,12:00:00 AM,5:00:00 PM,0,74.4053,21.706
8/21/2024,12:30:00 AM,5:30:00 PM,0,74.4001,21.455
8/21/2024,1:00:00 AM,6:00:00 PM,0,74.3811,21.012
8/21/2024,1:30:00 AM,6:30:00 PM,0,74.3652,20.759
8/21/2024,2:00:00 AM,7:00:00 PM,0,74.3756,20.396
8/21/2024,2:30:00 AM,7:30:00 PM,0,74.3807,19.97
8/21/2024,3:00:00 AM,8:00:00 PM,0,74.3792,19.468
8/21/2024,3:30:00 AM,8:30:00 PM,0,74.3833,18.969
8/21/2024,4:00:00 AM,9:00:00 PM,0,74.4023,18.312
8/21/2024,4:30:00 AM,9:30:00 PM,0,74.4247,17.655
8/21/2024,5:00:00 AM,10:00:00 PM,0,74.445,16.956
8/21/2024,5:30:00 AM,10:30:00 PM,0,74.4456,16.246
8/21/2024,6:00:00 AM,11:00:00 PM,0,74.4474,15.463
8/21/2024,6:30:00 AM,11:30:00 PM,0,74.4451,14.797
8/21/2024,7:00:00 AM,12:00:00 AM,0,74.4488,14.077
8/21/2024,7:30:00 AM,12:30:00 AM,0,74.4534,13.33
8/21/2024,8:00:00 AM,1:00:00 AM,0,74.4475,12.639
8/21/2024,8:30:00 AM,1:30:00 AM,0,74.4372,11.975
8/21/2024,9:00:00 AM,2:00:00 AM,0,74.4278,11.305
8/21/2024,9:30:00 AM,2:30:00 AM,0,74.4235,10.662
8/21/2024,10:00:00 AM,3:00:00 AM,0,74.4297,10.043
8/21/2024,10:30:00 AM,3:30:00 AM,0,74.4154,9.44
8/21/2024,11:00:00 AM,4:00:00 AM,0,74.4007,8.897
8/21/2024,11:30:00 AM,4:30:00 AM,0,74.3772,8.346
8/21/2024,12:00:00 PM,5:00:00 AM,0,74.3719,7.832
8/21/2024,12:30:00 PM,5:30:00 AM,0,74.3837,7.349
8/21/2024,1:00:00 PM,6:00:00 AM,0,74.3858,6.884
8/21/2024,1:30:00 PM,6:30:00 AM,0,74.3941,6.449
8/21/2024,2:00:00 PM,7:00:00 AM,0,74.4161,6.099
8/21/2024,2:30:00 PM,7:30:00 AM,0,74.4183,7.03
8/21/2024,3:00:00 PM,8:00:00 AM,0,74.4218,8.043
8/21/2024,3:30:00 PM,8:30:00 AM,0,74.4152,9.365
8/21/2024,4:00:00 PM,9:00:00 AM,0,74.3913,10.712
8/21/2024,4:30:00 PM,9:30:00 AM,0,74.3716,12.164
8/21/2024,5:00:00 PM,10:00:00 AM,0,74.3666,13.42
8/21/2024,5:30:00 PM,10:30:00 AM,0,74.374,14.714
8/21/2024,6:00:00 PM,11:00:00 AM,0,74.3657,15.92
8/21/2024,6:30:00 PM,11:30:00 AM,0,74.3627,16.955
8/21/2024,7:00:00 PM,12:00:00 PM,0,74.3503,17.989
8/21/2024,7:30:00 PM,12:30:00 PM,0,74.3309,19.009
8/21/2024,8:00:00 PM,1:00:00 PM,0,74.3322,20.283
8/21/2024,8:30:00 PM,1:30:00 PM,0,74.3268,20.709
8/21/2024,9:00:00 PM,2:00:00 PM,0,74.3084,21.033
8/21/2024,9:30:00 PM,2:30:00 PM,0,74.2925,21.381
8/21/2024,10:00:00 PM,3:00:00 PM,0,74.2721,21.5
8/21/2024,10:30:00 PM,3:30:00 PM,0,74.2562,21.511
8/21/2024,11:00:00 PM,4:00:00 PM,0,74.2368,21.365
8/21/2024,11:30:00 PM,4:30:00 PM,0,74.2118,21.148
8/22/2024,12:00:00 AM,5:00:00 PM,0,74.199,20.986
8/22/2024,12:30:00 AM,5:30:00 PM,0,74.1881,20.787
8/22/2024,1:00:00 AM,6:00:00 PM,0,74.1815,20.39
8/22/2024,1:30:00 AM,6:30:00 PM,0,74.1712,19.83
8/22/2024,2:00:00 AM,7:00:00 PM,0,74.1714,19.248
8/22/2024,2:30:00 AM,7:30:00 PM,0,74.1829,18.773
8/22/2024,3:00:00 AM,8:00:00 PM,0,74.1814,18.37
8/22/2024,3:30:00 AM,8:30:00 PM,0,74.1911,17.91
8/22/2024,4:00:00 AM,9:00:00 PM,0,74.2078,17.374
8/22/2024,4:30:00 AM,9:30:00 PM,0,74.2048,16.787
8/22/2024,5:00:00 AM,10:00:00 PM,0,74.1894,16.089
8/22/2024,5:30:00 AM,10:30:00 PM,0,74.1802,15.403
8/22/2024,6:00:00 AM,11:00:00 PM,0,74.1564,14.673
8/22/2024,6:30:00 AM,11:30:00 PM,0,74.1311,13.908
8/22/2024,7:00:00 AM,12:00:00 AM,0,74.133,13.24
8/22/2024,7:30:00 AM,12:30:00 AM,0,74.1347,12.553
8/22/2024,8:00:00 AM,1:00:00 AM,0,74.1391,11.9
8/22/2024,8:30:00 AM,1:30:00 AM,0,74.1288,11.168
8/22/2024,9:00:00 AM,2:00:00 AM,0,74.1051,10.44
8/22/2024,9:30:00 AM,2:30:00 AM,0,74.0998,9.759
8/22/2024,10:00:00 AM,3:00:00 AM,0,74.0864,9.082
8/22/2024,10:30:00 AM,3:30:00 AM,0,74.0852,8.403
8/22/2024,11:00:00 AM,4:00:00 AM,0,74.0747,7.778
8/22/2024,11:30:00 AM,4:30:00 AM,0,74.0605,7.212
8/22/2024,12:00:00 PM,5:00:00 AM,0,74.0536,6.658
8/22/2024,12:30:00 PM,5:30:00 AM,0,74.0468,6.132
8/22/2024,1:00:00 PM,6:00:00 AM,0,74.0431,5.646
8/22/2024,1:30:00 PM,6:30:00 AM,0,74.0522,5.221
8/22/2024,2:00:00 PM,7:00:00 AM,0,74.0579,5.127
8/22/2024,2:30:00 PM,7:30:00 AM,0,74.0408,7.498
8/22/2024,3:00:00 PM,8:00:00 AM,0,74.0356,9.122
8/22/2024,3:30:00 PM,8:30:00 AM,0,74.0119,10.773
8/22/2024,4:00:00 PM,9:00:00 AM,0,73.9846,12.489
8/22/2024,4:30:00 PM,9:30:00 AM,0,73.9607,12.061
8/22/2024,5:00:00 PM,10:00:00 AM,0,73.965,12.13
8/22/2024,5:30:00 PM,10:30:00 AM,0,73.9703,12.604
8/22/2024,6:00:00 PM,11:00:00 AM,0,73.971,13.166
8/22/2024,6:30:00 PM,11:30:00 AM,0,73.9611,13.626
8/22/2024,7:00:00 PM,12:00:00 PM,0,73.9542,14.014
8/22/2024,7:30:00 PM,12:30:00 PM,0,73.9304,14.573
8/22/2024,8:00:00 PM,1:00:00 PM,0,73.935,15.526
8/22/2024,8:30:00 PM,1:30:00 PM,0,73.9129,16.363
8/22/2024,9:00:00 PM,2:00:00 PM,0,73.9117,17.211
8/22/2024,9:30:00 PM,2:30:00 PM,0,73.8872,17.991
8/22/2024,10:00:00 PM,3:00:00 PM,0,73.8676,18.48
8/22/2024,10:30:00 PM,3:30:00 PM,0,73.8507,18.729
8/22/2024,11:00:00 PM,4:00:00 PM,0,73.83,19.004
8/22/2024,11:30:00 PM,4:30:00 PM,0,73.8222,19.106
8/23/2024,12:00:00 AM,5:00:00 PM,0,73.8104,19.035
8/23/2024,12:30:00 AM,5:30:00 PM,0,73.8172,18.559
8/23/2024,1:00:00 AM,6:00:00 PM,0,73.8135,18.114
8/23/2024,1:30:00 AM,6:30:00 PM,0,73.8134,17.803
8/23/2024,2:00:00 AM,7:00:00 PM,0,73.8184,17.414
8/23/2024,2:30:00 AM,7:30:00 PM,0,73.8266,16.959
8/23/2024,3:00:00 AM,8:00:00 PM,0,73.8281,16.444
8/23/2024,3:30:00 AM,8:30:00 PM,0,73.8252,15.939
8/23/2024,4:00:00 AM,9:00:00 PM,0,73.8084,15.37
8/23/2024,4:30:00 AM,9:30:00 PM,0,73.7943,14.834
8/23/2024,5:00:00 AM,10:00:00 PM,0,73.7906,14.291
8/23/2024,5:30:00 AM,10:30:00 PM,0,73.7703,13.775
8/23/2024,6:00:00 AM,11:00:00 PM,0,73.7644,13.267
8/23/2024,6:30:00 AM,11:30:00 PM,0,73.7438,12.696
8/23/2024,7:00:00 AM,12:00:00 AM,0,73.7401,12.143
8/23/2024,7:30:00 AM,12:30:00 AM,0,73.7199,11.492
8/23/2024,8:00:00 AM,1:00:00 AM,0,73.6908,10.867
8/23/2024,8:30:00 AM,1:30:00 AM,0,73.6822,10.272
8/23/2024,9:00:00 AM,2:00:00 AM,0,73.6767,9.681
8/23/2024,9:30:00 AM,2:30:00 AM,0,73.6559,9.193
8/23/2024,10:00:00 AM,3:00:00 AM,0,73.648,8.781
8/23/2024,10:30:00 AM,3:30:00 AM,0,73.6397,8.441
8/23/2024,11:00:00 AM,4:00:00 AM,0,73.6405,8.176
8/23/2024,11:30:00 AM,4:30:00 AM,0,73.6391,7.971
8/23/2024,12:00:00 PM,5:00:00 AM,0,73.6257,7.802
8/23/2024,12:30:00 PM,5:30:00 AM,0,73.6196,7.655
8/23/2024,1:00:00 PM,6:00:00 AM,0,73.6209,7.529
8/23/2024,1:30:00 PM,6:30:00 AM,0,73.6348,7.428
8/23/2024,2:00:00 PM,7:00:00 AM,0,73.6253,7.332
8/23/2024,2:30:00 PM,7:30:00 AM,0,73.6314,7.271
8/23/2024,3:00:00 PM,8:00:00 AM,0,73.6421,7.266
8/23/2024,3:30:00 PM,8:30:00 AM,0,73.6893,7.432
8/23/2024,4:00:00 PM,9:00:00 AM,0,73.7062,7.753
8/23/2024,4:30:00 PM,9:30:00 AM,0,73.7049,8.092
8/23/2024,5:00:00 PM,10:00:00 AM,0,73.7309,8.436
8/23/2024,5:30:00 PM,10:30:00 AM,0,73.7488,8.834
8/23/2024,6:00:00 PM,11:00:00 AM,0,73.7757,9.393
8/23/2024,6:30:00 PM,11:30:00 AM,0,73.7765,9.819
8/23/2024,7:00:00 PM,12:00:00 PM,0,73.771,10.292
8/23/2024,7:30:00 PM,12:30:00 PM,0,73.7776,10.899
8/23/2024,8:00:00 PM,1:00:00 PM,0,73.802,11.607
8/23/2024,8:30:00 PM,1:30:00 PM,0,73.7988,12.181
8/23/2024,9:00:00 PM,2:00:00 PM,0,73.7893,12.692
8/23/2024,9:30:00 PM,2:30:00 PM,0,73.7946,13.193
8/23/2024,10:00:00 PM,3:00:00 PM,0,73.7873,13.578
8/23/2024,10:30:00 PM,3:30:00 PM,0,73.7822,13.76
8/23/2024,11:00:00 PM,4:00:00 PM,0,73.7528,13.808
8/23/2024,11:30:00 PM,4:30:00 PM,0,73.7625,13.799
8/24/2024,12:00:00 AM,5:00:00 PM,0,73.7592,13.719
8/24/2024,12:30:00 AM,5:30:00 PM,0,73.7821,13.501
8/24/2024,1:00:00 AM,6:00:00 PM,0,73.764,13.244
8/24/2024,1:30:00 AM,6:30:00 PM,0,73.7419,12.981
8/24/2024,2:00:00 AM,7:00:00 PM,0,73.7486,12.679
8/24/2024,2:30:00 AM,7:30:00 PM,0,73.7755,12.546
8/24/2024,3:00:00 AM,8:00:00 PM,0,73.7649,13.794
8/24/2024,3:30:00 AM,8:30:00 PM,0,73.7485,14.686
8/24/2024,4:00:00 AM,9:00:00 PM,0,73.7433,15.191
8/24/2024,4:30:00 AM,9:30:00 PM,0,73.7446,15.378
8/24/2024,5:00:00 AM,10:00:00 PM,0,73.7263,15.426
8/24/2024,5:30:00 AM,10:30:00 PM,0,73.7472,15.554
8/24/2024,6:00:00 AM,11:00:00 PM,0,73.7677,15.5
8/24/2024,6:30:00 AM,11:30:00 PM,0,73.7639,15.41
8/24/2024,7:00:00 AM,12:00:00 AM,0,73.7781,15.348
8/24/2024,7:30:00 AM,12:30:00 AM,0,73.7741,14.52
8/24/2024,8:00:00 AM,1:00:00 AM,0,73.7744,13.225
8/24/2024,8:30:00 AM,1:30:00 AM,0,73.7743,12.324
8/24/2024,9:00:00 AM,2:00:00 AM,0,73.7299,11.691
8/24/2024,9:30:00 AM,2:30:00 AM,0,73.7132,11.171
8/24/2024,10:00:00 AM,3:00:00 AM,0,73.7208,10.702
8/24/2024,10:30:00 AM,3:30:00 AM,0,73.7003,10.296
8/24/2024,11:00:00 AM,4:00:00 AM,0,73.7143,9.947
8/24/2024,11:30:00 AM,4:30:00 AM,0,73.7146,9.543
8/24/2024,12:00:00 PM,5:00:00 AM,0,73.7244,9.219
8/24/2024,12:30:00 PM,5:30:00 AM,0,73.7179,8.874
8/24/2024,1:00:00 PM,6:00:00 AM,0,73.7318,8.493
8/24/2024,1:30:00 PM,6:30:00 AM,0,73.7742,8.161
8/24/2024,2:00:00 PM,7:00:00 AM,0,73.7415,7.825
8/24/2024,2:30:00 PM,7:30:00 AM,0,73.7735,7.526
8/24/2024,3:00:00 PM,8:00:00 AM,0,73.7762,7.219
8/24/2024,3:30:00 PM,8:30:00 AM,0,73.8435,6.931
8/24/2024,4:00:00 PM,9:00:00 AM,0,73.8962,6.671
8/24/2024,4:30:00 PM,9:30:00 AM,0,73.8756,6.484
8/24/2024,5:00:00 PM,10:00:00 AM,0,73.9084,6.378
8/24/2024,5:30:00 PM,10:30:00 AM,0,73.936,6.347
8/24/2024,6:00:00 PM,11:00:00 AM,0,73.9485,6.392
8/24/2024,6:30:00 PM,11:30:00 AM,0,73.9617,6.488
8/24/2024,7:00:00 PM,12:00:00 PM,0,73.96,6.646
8/24/2024,7:30:00 PM,12:30:00 PM,0,73.9602,6.833
8/24/2024,8:00:00 PM,1:00:00 PM,0,73.9664,7.087
8/24/2024,8:30:00 PM,1:30:00 PM,0,73.9781,7.54
8/24/2024,9:00:00 PM,2:00:00 PM,0,73.975,8.075
8/24/2024,9:30:00 PM,2:30:00 PM,0,73.9821,8.405
8/24/2024,10:00:00 PM,3:00:00 PM,0,73.9716,8.668
8/24/2024,10:30:00 PM,3:30:00 PM,0,73.9604,8.852
8/24/2024,11:00:00 PM,4:00:00 PM,0,73.9488,9.01
8/24/2024,11:30:00 PM,4:30:00 PM,0,73.9623,9.09
8/25/2024,12:00:00 AM,5:00:00 PM,0,73.9672,9.117
8/25/2024,12:30:00 AM,5:30:00 PM,0,73.9648,9.134
8/25/2024,1:00:00 AM,6:00:00 PM,0,73.938,9.119
8/25/2024,1:30:00 AM,6:30:00 PM,0,73.9402,9.024
8/25/2024,2:00:00 AM,7:00:00 PM,0,73.9448,8.899
8/25/2024,2:30:00 AM,7:30:00 PM,0,73.9779,8.782
8/25/2024,3:00:00 AM,8:00:00 PM,0,74.0021,8.614
8/25/2024,3:30:00 AM,8:30:00 PM,0,74.0109,8.356
8/25/2024,4:00:00 AM,9:00:00 PM,0,74.0393,8.157
8/25/2024,4:30:00 AM,9:30:00 PM,0,74.0344,7.903
8/25/2024,5:00:00 AM,10:00:00 PM,0,74.0347,7.553
8/25/2024,5:30:00 AM,10:30:00 PM,0,74.0299,7.155
8/25/2024,6:00:00 AM,11:00:00 PM,0,74.0285,6.725
8/25/2024,6:30:00 AM,11:30:00 PM,0,74.0234,6.28
8/25/2024,7:00:00 AM,12:00:00 AM,0,74.027,5.778
8/25/2024,7:30:00 AM,12:30:00 AM,0,74.0281,5.278
8/25/2024,8:00:00 AM,1:00:00 AM,0,74.019,4.769
8/25/2024,8:30:00 AM,1:30:00 AM,0,74.0139,4.378
8/25/2024,9:00:00 AM,2:00:00 AM,0,74.0211,4.019
8/25/2024,9:30:00 AM,2:30:00 AM,0,74.0373,3.643
8/25/2024,10:00:00 AM,3:00:00 AM,0,74.0511,3.288
8/25/2024,10:30:00 AM,3:30:00 AM,0,74.0645,2.968
8/25/2024,11:00:00 AM,4:00:00 AM,0,74.0854,2.657
8/25/2024,11:30:00 AM,4:30:00 AM,0,74.1092,2.38
8/25/2024,12:00:00 PM,5:00:00 AM,0,74.1219,2.124
8/25/2024,12:30:00 PM,5:30:00 AM,0,74.1322,1.866
8/25/2024,1:00:00 PM,6:00:00 AM,0,74.1305,1.608
8/25/2024,1:30:00 PM,6:30:00 AM,0,74.1383,1.361
8/25/2024,2:00:00 PM,7:00:00 AM,0,74.1578,1.147
8/25/2024,2:30:00 PM,7:30:00 AM,0,74.1705,0.975
8/25/2024,3:00:00 PM,8:00:00 AM,0,74.1726,0.886
8/25/2024,3:30:00 PM,8:30:00 AM,0,74.1805,1.034
8/25/2024,4:00:00 PM,9:00:00 AM,0,74.1706,1.431
8/25/2024,4:30:00 PM,9:30:00 AM,0,74.1715,2.029
8/25/2024,5:00:00 PM,10:00:00 AM,0,74.1844,2.741
8/25/2024,5:30:00 PM,10:30:00 AM,0,74.1895,3.583
8/25/2024,6:00:00 PM,11:00:00 AM,0,74.1914,4.475
8/25/2024,6:30:00 PM,11:30:00 AM,0,74.1926,5.411
8/25/2024,7:00:00 PM,12:00:00 PM,0,74.1911,6.51
8/25/2024,7:30:00 PM,12:30:00 PM,0,74.199,7.55
8/25/2024,8:00:00 PM,1:00:00 PM,0,74.205,8.745
8/25/2024,8:30:00 PM,1:30:00 PM,0,74.2132,9.943
8/25/2024,9:00:00 PM,2:00:00 PM,0,74.2241,11.129
8/25/2024,9:30:00 PM,2:30:00 PM,0,74.2293,12.255
8/25/2024,10:00:00 PM,3:00:00 PM,0,74.2428,13.061
8/25/2024,10:30:00 PM,3:30:00 PM,0,74.2551,13.664
8/25/2024,11:00:00 PM,4:00:00 PM,0,74.2643,14.12
8/25/2024,11:30:00 PM,4:30:00 PM,0,74.2708,14.466
8/26/2024,12:00:00 AM,5:00:00 PM,0,74.2891,14.664
8/26/2024,12:30:00 AM,5:30:00 PM,0,74.3063,14.725
8/26/2024,1:00:00 AM,6:00:00 PM,0,74.3209,14.679
8/26/2024,1:30:00 AM,6:30:00 PM,0,74.3292,14.514
8/26/2024,2:00:00 AM,7:00:00 PM,0,74.3465,14.306
8/26/2024,2:30:00 AM,7:30:00 PM,0,74.3728,14.058
8/26/2024,3:00:00 AM,8:00:00 PM,0,74.4054,13.706
8/26/2024,3:30:00 AM,8:30:00 PM,0,74.425,13.338
8/26/2024,4:00:00 AM,9:00:00 PM,0,74.4511,12.879
8/26/2024,4:30:00 AM,9:30:00 PM,0,74.4661,12.359
8/26/2024,5:00:00 AM,10:00:00 PM,0,74.4805,11.855
8/26/2024,5:30:00 AM,10:30:00 PM,0,74.4896,11.313
8/26/2024,6:00:00 AM,11:00:00 PM,0,74.4869,10.866
8/26/2024,6:30:00 AM,11:30:00 PM,0,74.485,10.564
8/26/2024,7:00:00 AM,12:00:00 AM,0,74.4921,10.27
8/26/2024,7:30:00 AM,12:30:00 AM,0,74.5047,9.926
8/26/2024,8:00:00 AM,1:00:00 AM,0,74.5078,9.479
8/26/2024,8:30:00 AM,1:30:00 AM,0,74.4934,8.985
8/26/2024,9:00:00 AM,2:00:00 AM,0,74.4907,8.512
8/26/2024,9:30:00 AM,2:30:00 AM,0,74.4933,8.12
8/26/2024,10:00:00 AM,3:00:00 AM,0,74.4938,7.659
8/26/2024,10:30:00 AM,3:30:00 AM,0,74.4938,7.27
8/26/2024,11:00:00 AM,4:00:00 AM,0,74.4874,6.956
8/26/2024,11:30:00 AM,4:30:00 AM,0,74.4897,6.658
8/26/2024,12:00:00 PM,5:00:00 AM,0,74.4944,6.337
8/26/2024,12:30:00 PM,5:30:00 AM,0,74.4982,6.006
8/26/2024,1:00:00 PM,6:00:00 AM,0,74.5224,5.676
8/26/2024,1:30:00 PM,6:30:00 AM,0,74.5413,5.371
8/26/2024,2:00:00 PM,7:00:00 AM,0,74.5532,6.656
8/26/2024,2:30:00 PM,7:30:00 AM,0,74.5571,9.037
8/26/2024,3:00:00 PM,8:00:00 AM,0,74.5601,10.715
8/26/2024,3:30:00 PM,8:30:00 AM,0,74.5543,12.422
8/26/2024,4:00:00 PM,9:00:00 AM,0,74.5554,14.059
8/26/2024,4:30:00 PM,9:30:00 AM,0,74.56,15.702
8/26/2024,5:00:00 PM,10:00:00 AM,0,74.5692,16.385
8/26/2024,5:30:00 PM,10:30:00 AM,0,74.5724,16.85
8/26/2024,6:00:00 PM,11:00:00 AM,0,74.5797,17.496
8/26/2024,6:30:00 PM,11:30:00 AM,0,74.5829,18.208
8/26/2024,7:00:00 PM,12:00:00 PM,0,74.5693,18.437
8/26/2024,7:30:00 PM,12:30:00 PM,0,74.565,18.49
8/26/2024,8:00:00 PM,1:00:00 PM,0,74.5653,18.731
8/26/2024,8:30:00 PM,1:30:00 PM,0,74.5607,19.521
8/26/2024,9:00:00 PM,2:00:00 PM,0,74.5614,20.222
8/26/2024,9:30:00 PM,2:30:00 PM,0,74.5527,20.869
8/26/2024,10:00:00 PM,3:00:00 PM,0,74.5438,21.188
8/26/2024,10:30:00 PM,3:30:00 PM,0,74.5438,21.31
8/26/2024,11:00:00 PM,4:00:00 PM,0,74.5402,21.33
8/26/2024,11:30:00 PM,4:30:00 PM,0,74.5346,21.222
8/27/2024,12:00:00 AM,5:00:00 PM,0,74.5353,21.083
8/27/2024,12:30:00 AM,5:30:00 PM,0,74.5377,20.837
8/27/2024,1:00:00 AM,6:00:00 PM,0,74.5404,20.457
8/27/2024,1:30:00 AM,6:30:00 PM,0,74.5442,20.12
8/27/2024,2:00:00 AM,7:00:00 PM,0,74.5436,19.766
8/27/2024,2:30:00 AM,7:30:00 PM,0,74.5684,19.326
8/27/2024,3:00:00 AM,8:00:00 PM,0,74.5773,18.833
8/27/2024,3:30:00 AM,8:30:00 PM,0,74.5952,18.232
8/27/2024,4:00:00 AM,9:00:00 PM,0,74.6057,17.612
8/27/2024,4:30:00 AM,9:30:00 PM,0,74.609,16.911
8/27/2024,5:00:00 AM,10:00:00 PM,0,74.6058,16.236
8/27/2024,5:30:00 AM,10:30:00 PM,0,74.6088,15.524
8/27/2024,6:00:00 AM,11:00:00 PM,0,74.6064,14.827
8/27/2024,6:30:00 AM,11:30:00 PM,0,74.6009,14.189
8/27/2024,7:00:00 AM,12:00:00 AM,0,74.5978,13.563
8/27/2024,7:30:00 AM,12:30:00 AM,0,74.5998,13.005
8/27/2024,8:00:00 AM,1:00:00 AM,0,74.5954,12.464
8/27/2024,8:30:00 AM,1:30:00 AM,0,74.5831,11.955
8/27/2024,9:00:00 AM,2:00:00 AM,0,74.5614,11.561
8/27/2024,9:30:00 AM,2:30:00 AM,0,74.5588,11.104
8/27/2024,10:00:00 AM,3:00:00 AM,0,74.5432,10.702
8/27/2024,10:30:00 AM,3:30:00 AM,0,74.522,10.289
8/27/2024,11:00:00 AM,4:00:00 AM,0,74.5134,9.92
8/27/2024,11:30:00 AM,4:30:00 AM,0,74.5184,9.545
8/27/2024,12:00:00 PM,5:00:00 AM,0,74.5209,9.176
8/27/2024,12:30:00 PM,5:30:00 AM,0,74.5255,8.767
8/27/2024,1:00:00 PM,6:00:00 AM,0,74.5324,8.359
8/27/2024,1:30:00 PM,6:30:00 AM,0,74.5326,7.962
8/27/2024,2:00:00 PM,7:00:00 AM,0,74.5318,8.096
8/27/2024,2:30:00 PM,7:30:00 AM,0,74.5316,10.626
8/27/2024,3:00:00 PM,8:00:00 AM,0,74.5378,10.297
8/27/2024,3:30:00 PM,8:30:00 AM,0,74.5177,9.739
8/27/2024,4:00:00 PM,9:00:00 AM,0,74.5011,10.148
8/27/2024,4:30:00 PM,9:30:00 AM,0,74.5024,10.995
8/27/2024,5:00:00 PM,10:00:00 AM,0,74.4926,12.113
8/27/2024,5:30:00 PM,10:30:00 AM,0,74.4988,13.26
8/27/2024,6:00:00 PM,11:00:00 AM,0,74.4938,14.398
8/27/2024,6:30:00 PM,11:30:00 AM,0,74.4812,14.818
8/27/2024,7:00:00 PM,12:00:00 PM,0,74.4804,15.352
8/27/2024,7:30:00 PM,12:30:00 PM,0,74.4646,16.049
8/27/2024,8:00:00 PM,1:00:00 PM,0,74.4677,16.928
8/27/2024,8:30:00 PM,1:30:00 PM,0,74.4578,17.85
8/27/2024,9:00:00 PM,2:00:00 PM,0,74.4548,18.803
8/27/2024,9:30:00 PM,2:30:00 PM,0,74.4506,19.7
8/27/2024,10:00:00 PM,3:00:00 PM,0,74.4461,20.316
8/27/2024,10:30:00 PM,3:30:00 PM,0,74.4308,20.701
8/27/2024,11:00:00 PM,4:00:00 PM,0,74.4312,20.907
8/27/2024,11:30:00 PM,4:30:00 PM,0,74.4216,21.039
8/28/2024,12:00:00 AM,5:00:00 PM,0,74.4118,21.029
8/28/2024,12:30:00 AM,5:30:00 PM,0,74.4056,20.93
8/28/2024,1:00:00 AM,6:00:00 PM,0,74.4053,20.701
8/28/2024,1:30:00 AM,6:30:00 PM,0,74.4058,20.441
8/28/2024,2:00:00 AM,7:00:00 PM,0,74.408,20.113
8/28/2024,2:30:00 AM,7:30:00 PM,0,74.4158,19.765
8/28/2024,3:00:00 AM,8:00:00 PM,0,74.4306,19.29
8/28/2024,3:30:00 AM,8:30:00 PM,0,74.4545,18.774
8/28/2024,4:00:00 AM,9:00:00 PM,0,74.4732,18.167
8/28/2024,4:30:00 AM,9:30:00 PM,0,74.4788,17.552
8/28/2024,5:00:00 AM,10:00:00 PM,0,74.4733,16.868
8/28/2024,5:30:00 AM,10:30:00 PM,0,74.4715,16.23
8/28/2024,6:00:00 AM,11:00:00 PM,0,74.4711,15.547
8/28/2024,6:30:00 AM,11:30:00 PM,0,74.4588,14.903
8/28/2024,7:00:00 AM,12:00:00 AM,0,74.4564,14.284
8/28/2024,7:30:00 AM,12:30:00 AM,0,74.4597,13.675
8/28/2024,8:00:00 AM,1:00:00 AM,0,74.4618,13.122
8/28/2024,8:30:00 AM,1:30:00 AM,0,74.4519,12.551
8/28/2024,9:00:00 AM,2:00:00 AM,0,74.4481,12.025
8/28/2024,9:30:00 AM,2:30:00 AM,0,74.445,11.512
8/28/2024,10:00:00 AM,3:00:00 AM,0,74.4458,11.039
8/28/2024,10:30:00 AM,3:30:00 AM,0,74.4388,10.626
8/28/2024,11:00:00 AM,4:00:00 AM,0,74.4215,10.208
8/28/2024,11:30:00 AM,4:30:00 AM,0,74.4047,9.822
8/28/2024,12:00:00 PM,5:00:00 AM,0,74.4046,9.5
8/28/2024,12:30:00 PM,5:30:00 AM,0,74.4121,9.182
8/28/2024,1:00:00 PM,6:00:00 AM,0,74.4189,8.855
8/28/2024,1:30:00 PM,6:30:00 AM,0,74.4327,8.525
8/28/2024,2:00:00 PM,7:00:00 AM,0,74.4452,8.24
8/28/2024,2:30:00 PM,7:30:00 AM,0,74.4433,7.992
8/28/2024,3:00:00 PM,8:00:00 AM,0,74.4359,7.906
8/28/2024,3:30:00 PM,8:30:00 AM,0,74.4198,8.108
8/28/2024,4:00:00 PM,9:00:00 AM,0,74.4026,8.584
8/28/2024,4:30:00 PM,9:30:00 AM,0,74.3989,9.35
8/28/2024,5:00:00 PM,10:00:00 AM,0,74.3872,10.293
8/28/2024,5:30:00 PM,10:30:00 AM,0,74.3945,11.373
8/28/2024,6:00:00 PM,11:00:00 AM,0,74.3918,12.368
8/28/2024,6:30:00 PM,11:30:00 AM,0,74.3866,13.336
8/28/2024,7:00:00 PM,12:00:00 PM,0,74.3713,14.309
8/28/2024,7:30:00 PM,12:30:00 PM,0,74.3385,15.283
8/28/2024,8:00:00 PM,1:00:00 PM,0,74.3434,16.334
8/28/2024,8:30:00 PM,1:30:00 PM,0,74.3326,17.521
8/28/2024,9:00:00 PM,2:00:00 PM,0,74.3227,18.52
8/28/2024,9:30:00 PM,2:30:00 PM,0,74.3179,19.506
8/28/2024,10:00:00 PM,3:00:00 PM,0,74.3105,20.203
8/28/2024,10:30:00 PM,3:30:00 PM,0,74.2928,20.673
8/28/2024,11:00:00 PM,4:00:00 PM,0,74.2939,20.995
8/28/2024,11:30:00 PM,4:30:00 PM,0,74.292,21.276
8/29/2024,12:00:00 AM,5:00:00 PM,0,74.2994,21.359
8/29/2024,12:30:00 AM,5:30:00 PM,0,74.2974,21.298
8/29/2024,1:00:00 AM,6:00:00 PM,0,74.2944,21.136
8/29/2024,1:30:00 AM,6:30:00 PM,0,74.3061,20.933
8/29/2024,2:00:00 AM,7:00:00 PM,0,74.326,20.635
8/29/2024,2:30:00 AM,7:30:00 PM,0,74.3331,20.315
8/29/2024,3:00:00 AM,8:00:00 PM,0,74.3557,19.761
8/29/2024,3:30:00 AM,8:30:00 PM,0,74.3738,19.297
8/29/2024,4:00:00 AM,9:00:00 PM,0,74.3931,18.791
8/29/2024,4:30:00 AM,9:30:00 PM,0,74.3986,18.233
8/29/2024,5:00:00 AM,10:00:00 PM,0,74.4073,17.632
8/29/2024,5:30:00 AM,10:30:00 PM,0,74.4117,17.024
8/29/2024,6:00:00 AM,11:00:00 PM,0,74.42,16.405
8/29/2024,6:30:00 AM,11:30:00 PM,0,74.4112,15.8
8/29/2024,7:00:00 AM,12:00:00 AM,0,74.4135,15.212
8/29/2024,7:30:00 AM,12:30:00 AM,0,74.422,14.626
8/29/2024,8:00:00 AM,1:00:00 AM,0,74.4169,14.097
8/29/2024,8:30:00 AM,1:30:00 AM,0,74.4175,13.573
8/29/2024,9:00:00 AM,2:00:00 AM,0,74.4046,13.074
8/29/2024,9:30:00 AM,2:30:00 AM,0,74.4059,12.594
8/29/2024,10:00:00 AM,3:00:00 AM,0,74.4111,12.169
8/29/2024,10:30:00 AM,3:30:00 AM,0,74.4151,11.76
8/29/2024,11:00:00 AM,4:00:00 AM,0,74.4114,11.339
8/29/2024,11:30:00 AM,4:30:00 AM,0,74.4225,10.94
8/29/2024,12:00:00 PM,5:00:00 AM,0,74.4253,10.594
8/29/2024,12:30:00 PM,5:30:00 AM,0,74.4338,10.257
8/29/2024,1:00:00 PM,6:00:00 AM,0,74.4378,9.966
8/29/2024,1:30:00 PM,6:30:00 AM,0,74.459,9.699
8/29/2024,2:00:00 PM,7:00:00 AM,0,74.4758,10.259
8/29/2024,2:30:00 PM,7:30:00 AM,0,74.4846,11.277
8/29/2024,3:00:00 PM,8:00:00 AM,0,74.4914,10.871
8/29/2024,3:30:00 PM,8:30:00 AM,0,74.4826,11.078
8/29/2024,4:00:00 PM,9:00:00 AM,0,74.4867,11.405
8/29/2024,4:30:00 PM,9:30:00 AM,0,74.4835,12.545
8/29/2024,5:00:00 PM,10:00:00 AM,0,74.487,13.676
8/29/2024,5:30:00 PM,10:30:00 AM,0,74.4959,14.887
8/29/2024,6:00:00 PM,11:00:00 AM,0,74.4906,16.022
8/29/2024,6:30:00 PM,11:30:00 AM,0,74.4926,16.979
8/29/2024,7:00:00 PM,12:00:00 PM,0,74.4892,17.522
8/29/2024,7:30:00 PM,12:30:00 PM,0,74.4749,18.103
8/29/2024,8:00:00 PM,1:00:00 PM,0,74.4768,19.297
8/29/2024,8:30:00 PM,1:30:00 PM,0,74.4695,20.565
8/29/2024,9:00:00 PM,2:00:00 PM,0,74.465,21.67
8/29/2024,9:30:00 PM,2:30:00 PM,0,74.4608,22.627
8/29/2024,10:00:00 PM,3:00:00 PM,0,74.4489,23.305
8/29/2024,10:30:00 PM,3:30:00 PM,0,74.4473,23.646
8/29/2024,11:00:00 PM,4:00:00 PM,0,74.4462,23.658
8/29/2024,11:30:00 PM,4:30:00 PM,0,74.4514,23.726
8/30/2024,12:00:00 AM,5:00:00 PM,0,74.4705,23.577
8/30/2024,12:30:00 AM,5:30:00 PM,0,74.4721,23.251
8/30/2024,1:00:00 AM,6:00:00 PM,0,74.4916,22.887
8/30/2024,1:30:00 AM,6:30:00 PM,0,74.502,22.44
8/30/2024,2:00:00 AM,7:00:00 PM,0,74.5078,21.886
8/30/2024,2:30:00 AM,7:30:00 PM,0,74.5174,21.456
8/30/2024,3:00:00 AM,8:00:00 PM,0,74.5356,21.028
8/30/2024,3:30:00 AM,8:30:00 PM,0,74.5605,20.539
8/30/2024,4:00:00 AM,9:00:00 PM,0,74.5769,19.951
8/30/2024,4:30:00 AM,9:30:00 PM,0,74.5899,19.335
8/30/2024,5:00:00 AM,10:00:00 PM,0,74.6044,18.685
8/30/2024,5:30:00 AM,10:30:00 PM,0,74.6119,18.036
8/30/2024,6:00:00 AM,11:00:00 PM,0,74.6146,17.347
8/30/2024,6:30:00 AM,11:30:00 PM,0,74.6248,16.744
8/30/2024,7:00:00 AM,12:00:00 AM,0,74.6248,16.147
8/30/2024,7:30:00 AM,12:30:00 AM,0,74.6182,15.569
8/30/2024,8:00:00 AM,1:00:00 AM,0,74.6086,14.979
8/30/2024,8:30:00 AM,1:30:00 AM,0,74.5926,14.411
8/30/2024,9:00:00 AM,2:00:00 AM,0,74.5841,13.828
8/30/2024,9:30:00 AM,2:30:00 AM,0,74.5861,13.273
8/30/2024,10:00:00 AM,3:00:00 AM,0,74.5776,12.767
8/30/2024,10:30:00 AM,3:30:00 AM,0,74.5768,12.254
8/30/2024,11:00:00 AM,4:00:00 AM,0,74.5791,11.791
8/30/2024,11:30:00 AM,4:30:00 AM,0,74.5782,11.386
8/30/2024,12:00:00 PM,5:00:00 AM,0,74.5817,10.984
8/30/2024,12:30:00 PM,5:30:00 AM,0,74.5864,10.614
8/30/2024,1:00:00 PM,6:00:00 AM,0,74.5897,10.294
8/30/2024,1:30:00 PM,6:30:00 AM,0,74.6044,9.974
8/30/2024,2:00:00 PM,7:00:00 AM,0,74.6259,9.907
8/30/2024,2:30:00 PM,7:30:00 AM,0,74.6484,11.141
8/30/2024,3:00:00 PM,8:00:00 AM,0,74.657,11.232
8/30/2024,3:30:00 PM,8:30:00 AM,0,74.6566,11.137
8/30/2024,4:00:00 PM,9:00:00 AM,0,74.6651,11.442
8/30/2024,4:30:00 PM,9:30:00 AM,0,74.6635,12.043
8/30/2024,5:00:00 PM,10:00:00 AM,0,74.6656,12.882
8/30/2024,5:30:00 PM,10:30:00 AM,0,74.6703,13.931
8/30/2024,6:00:00 PM,11:00:00 AM,0,74.68,14.851
8/30/2024,6:30:00 PM,11:30:00 AM,0,74.678,15.594
8/30/2024,7:00:00 PM,12:00:00 PM,0,74.6795,16.316
8/30/2024,7:30:00 PM,12:30:00 PM,0,74.6572,17.1
8/30/2024,8:00:00 PM,1:00:00 PM,0,74.6507,17.91
8/30/2024,8:30:00 PM,1:30:00 PM,0,74.642,18.737
8/30/2024,9:00:00 PM,2:00:00 PM,0,74.6296,19.403
8/30/2024,9:30:00 PM,2:30:00 PM,0,74.6324,19.897
8/30/2024,10:00:00 PM,3:00:00 PM,0,74.631,20.301
8/30/2024,10:30:00 PM,3:30:00 PM,0,74.6256,20.75
8/30/2024,11:00:00 PM,4:00:00 PM,0,74.6082,21.152
8/30/2024,11:30:00 PM,4:30:00 PM,0,74.6132,21.436
8/31/2024,12:00:00 AM,5:00:00 PM,0,74.6216,21.531
8/31/2024,12:30:00 AM,5:30:00 PM,0,74.6181,21.444
8/31/2024,1:00:00 AM,6:00:00 PM,0,74.6216,21.281
8/31/2024,1:30:00 AM,6:30:00 PM,0,74.6204,21.07
8/31/2024,2:00:00 AM,7:00:00 PM,0,74.6395,20.826
8/31/2024,2:30:00 AM,7:30:00 PM,0,74.6612,20.518
8/31/2024,3:00:00 AM,8:00:00 PM,0,74.6883,20.105
8/31/2024,3:30:00 AM,8:30:00 PM,0,74.7069,19.684
8/31/2024,4:00:00 AM,9:00:00 PM,0,74.7246,19.228
8/31/2024,4:30:00 AM,9:30:00 PM,0,74.7286,18.705
8/31/2024,5:00:00 AM,10:00:00 PM,0,74.7388,18.157
8/31/2024,5:30:00 AM,10:30:00 PM,0,74.7457,17.59
8/31/2024,6:00:00 AM,11:00:00 PM,0,74.7344,17.009
8/31/2024,6:30:00 AM,11:30:00 PM,0,74.7161,16.432
8/31/2024,7:00:00 AM,12:00:00 AM,0,74.715,15.85
8/31/2024,7:30:00 AM,12:30:00 AM,0,74.709,15.334
8/31/2024,8:00:00 AM,1:00:00 AM,0,74.7149,14.791
8/31/2024,8:30:00 AM,1:30:00 AM,0,74.7005,14.301
8/31/2024,9:00:00 AM,2:00:00 AM,0,74.6871,13.79
8/31/2024,9:30:00 AM,2:30:00 AM,0,74.6713,13.275
8/31/2024,10:00:00 AM,3:00:00 AM,0,74.6661,12.845
8/31/2024,10:30:00 AM,3:30:00 AM,0,74.6547,12.44
8/31/2024,11:00:00 AM,4:00:00 AM,0,74.6392,12.055
8/31/2024,11:30:00 AM,4:30:00 AM,0,74.6321,11.671
8/31/2024,12:00:00 PM,5:00:00 AM,0,74.6259,11.323
8/31/2024,12:30:00 PM,5:30:00 AM,0,74.6122,10.987
8/31/2024,1:00:00 PM,6:00:00 AM,0,74.623,10.635
8/31/2024,1:30:00 PM,6:30:00 AM,0,74.6415,10.279
8/31/2024,2:00:00 PM,7:00:00 AM,0,74.6659,9.959
8/31/2024,2:30:00 PM,7:30:00 AM,0,74.6638,9.673
8/31/2024,3:00:00 PM,8:00:00 AM,0,74.6667,9.524
8/31/2024,3:30:00 PM,8:30:00 AM,0,74.6594,9.734
8/31/2024,4:00:00 PM,9:00:00 AM,0,74.6559,10.227
8/31/2024,4:30:00 PM,9:30:00 AM,0,74.6603,10.943
8/31/2024,5:00:00 PM,10:00:00 AM,0,74.6616,11.843
8/31/2024,5:30:00 PM,10:30:00 AM,0,74.6696,12.894
8/31/2024,6:00:00 PM,11:00:00 AM,0,74.6793,13.798
8/31/2024,6:30:00 PM,11:30:00 AM,0,74.6624,14.71
8/31/2024,7:00:00 PM,12:00:00 PM,0,74.646,15.589
8/31/2024,7:30:00 PM,12:30:00 PM,0,74.6145,16.552
8/31/2024,8:00:00 PM,1:00:00 PM,0,74.5913,17.458
8/31/2024,8:30:00 PM,1:30:00 PM,0,74.5795,18.311
8/31/2024,9:00:00 PM,2:00:00 PM,0,74.5641,19.179
8/31/2024,9:30:00 PM,2:30:00 PM,0,74.5327,20.018
8/31/2024,10:00:00 PM,3:00:00 PM,0,74.5225,20.673
8/31/2024,10:30:00 PM,3:30:00 PM,0,74.5223,21.075
8/31/2024,11:00:00 PM,4:00:00 PM,0,74.5111,21.257
8/31/2024,11:30:00 PM,4:30:00 PM,0,74.5125,21.371
9/1/2024,12:00:00 AM,5:00:00 PM,0,74.5202,21.373
9/1/2024,12:30:00 AM,5:30:00 PM,0,74.528,21.265
9/1/2024,1:00:00 AM,6:00:00 PM,0,74.5695,21.121
9/1/2024,1:30:00 AM,6:30:00 PM,0,74.5401,20.815
9/1/2024,2:00:00 AM,7:00:00 PM,0,74.5287,20.523
9/1/2024,2:30:00 AM,7:30:00 PM,0,74.5455,20.104
9/1/2024,3:00:00 AM,8:00:00 PM,0,74.5626,19.591
9/1/2024,3:30:00 AM,8:30:00 PM,0,74.5953,19.026
9/1/2024,4:00:00 AM,9:00:00 PM,0,74.6134,18.458
9/1/2024,4:30:00 AM,9:30:00 PM,0,74.624,17.835
9/1/2024,5:00:00 AM,10:00:00 PM,0,74.6126,17.188
9/1/2024,5:30:00 AM,10:30:00 PM,0,74.6026,16.584
9/1/2024,6:00:00 AM,11:00:00 PM,0,74.5962,15.988
9/1/2024,6:30:00 AM,11:30:00 PM,0,74.5776,15.441
9/1/2024,7:00:00 AM,12:00:00 AM,0,74.571,14.882
9/1/2024,7:30:00 AM,12:30:00 AM,0,74.5713,14.383
9/1/2024,8:00:00 AM,1:00:00 AM,0,74.5666,13.884
9/1/2024,8:30:00 AM,1:30:00 AM,0,74.5463,13.415
9/1/2024,9:00:00 AM,2:00:00 AM,0,74.5367,12.95
9/1/2024,9:30:00 AM,2:30:00 AM,0,74.5265,12.484
9/1/2024,10:00:00 AM,3:00:00 AM,0,74.514,12.072
9/1/2024,10:30:00 AM,3:30:00 AM,0,74.5038,11.666
9/1/2024,11:00:00 AM,4:00:00 AM,0,74.496,11.269
9/1/2024,11:30:00 AM,4:30:00 AM,0,74.4814,10.916
9/1/2024,12:00:00 PM,5:00:00 AM,0,74.4802,10.545
9/1/2024,12:30:00 PM,5:30:00 AM,0,74.4715,10.208
9/1/2024,1:00:00 PM,6:00:00 AM,0,74.474,9.897
9/1/2024,1:30:00 PM,6:30:00 AM,0,74.4721,9.56
9/1/2024,2:00:00 PM,7:00:00 AM,0,74.4781,9.278
9/1/2024,2:30:00 PM,7:30:00 AM,0,74.4801,9.053
9/1/2024,3:00:00 PM,8:00:00 AM,0,74.4845,8.963
9/1/2024,3:30:00 PM,8:30:00 AM,0,74.5001,9.149
9/1/2024,4:00:00 PM,9:00:00 AM,0,74.5007,9.613
9/1/2024,4:30:00 PM,9:30:00 AM,0,74.5093,10.313
9/1/2024,5:00:00 PM,10:00:00 AM,0,74.5154,11.113
9/1/2024,5:30:00 PM,10:30:00 AM,0,74.5141,12.091
9/1/2024,6:00:00 PM,11:00:00 AM,0,74.5309,13.067
9/1/2024,6:30:00 PM,11:30:00 AM,0,74.5273,13.955
9/1/2024,7:00:00 PM,12:00:00 PM,0,74.514,14.756
9/1/2024,7:30:00 PM,12:30:00 PM,0,74.5133,15.639
9/1/2024,8:00:00 PM,1:00:00 PM,0,74.4934,16.525
9/1/2024,8:30:00 PM,1:30:00 PM,0,74.4808,17.473
9/1/2024,9:00:00 PM,2:00:00 PM,0,74.4779,18.399
9/1/2024,9:30:00 PM,2:30:00 PM,0,74.4779,19.265
9/1/2024,10:00:00 PM,3:00:00 PM,0,74.4383,19.808
9/1/2024,10:30:00 PM,3:30:00 PM,0,74.4466,20.228
9/1/2024,11:00:00 PM,4:00:00 PM,0,74.4165,20.364
9/1/2024,11:30:00 PM,4:30:00 PM,0,74.4131,20.527
9/2/2024,12:00:00 AM,5:00:00 PM,0,74.4144,20.618
9/2/2024,12:30:00 AM,5:30:00 PM,0,74.4016,20.639
9/2/2024,1:00:00 AM,6:00:00 PM,0,74.3965,20.563
9/2/2024,1:30:00 AM,6:30:00 PM,0,74.4033,20.358
9/2/2024,2:00:00 AM,7:00:00 PM,0,74.4033,20.099
9/2/2024,2:30:00 AM,7:30:00 PM,0,74.4045,19.804
9/2/2024,3:00:00 AM,8:00:00 PM,0,74.4152,19.443
9/2/2024,3:30:00 AM,8:30:00 PM,0,74.4297,18.931
9/2/2024,4:00:00 AM,9:00:00 PM,0,74.4409,18.431
9/2/2024,4:30:00 AM,9:30:00 PM,0,74.4471,17.896
9/2/2024,5:00:00 AM,10:00:00 PM,0,74.4506,17.386
9/2/2024,5:30:00 AM,10:30:00 PM,0,74.4603,16.817
9/2/2024,6:00:00 AM,11:00:00 PM,0,74.4588,16.225
9/2/2024,6:30:00 AM,11:30:00 PM,0,74.4647,15.617
9/2/2024,7:00:00 AM,12:00:00 AM,0,74.464,15.087
9/2/2024,7:30:00 AM,12:30:00 AM,0,74.4503,14.517
9/2/2024,8:00:00 AM,1:00:00 AM,0,74.4328,13.982
9/2/2024,8:30:00 AM,1:30:00 AM,0,74.4201,13.465
9/2/2024,9:00:00 AM,2:00:00 AM,0,74.4054,12.978
9/2/2024,9:30:00 AM,2:30:00 AM,0,74.3935,12.538
9/2/2024,10:00:00 AM,3:00:00 AM,0,74.3745,12.109
9/2/2024,10:30:00 AM,3:30:00 AM,0,74.3632,11.719
9/2/2024,11:00:00 AM,4:00:00 AM,0,74.3581,11.352
9/2/2024,11:30:00 AM,4:30:00 AM,0,74.3548,10.942
9/2/2024,12:00:00 PM,5:00:00 AM,0,74.3479,10.609
9/2/2024,12:30:00 PM,5:30:00 AM,0,74.3432,10.317
9/2/2024,1:00:00 PM,6:00:00 AM,0,74.3504,10.035
9/2/2024,1:30:00 PM,6:30:00 AM,0,74.3508,9.775
9/2/2024,2:00:00 PM,7:00:00 AM,0,74.3641,9.571
9/2/2024,2:30:00 PM,7:30:00 AM,0,74.3786,9.393
9/2/2024,3:00:00 PM,8:00:00 AM,0,74.3871,9.379
9/2/2024,3:30:00 PM,8:30:00 AM,0,74.3917,9.602
9/2/2024,4:00:00 PM,9:00:00 AM,0,74.4023,10.056
9/2/2024,4:30:00 PM,9:30:00 AM,0,74.4132,10.757
9/2/2024,5:00:00 PM,10:00:00 AM,0,74.4278,11.688
9/2/2024,5:30:00 PM,10:30:00 AM,0,74.4246,12.597
9/2/2024,6:00:00 PM,11:00:00 AM,0,74.4204,13.389
9/2/2024,6:30:00 PM,11:30:00 AM,0,74.4257,14.093
9/2/2024,7:00:00 PM,12:00:00 PM,0,74.4221,14.833
9/2/2024,7:30:00 PM,12:30:00 PM,0,74.418,15.686
9/2/2024,8:00:00 PM,1:00:00 PM,0,74.4172,16.371
9/2/2024,8:30:00 PM,1:30:00 PM,0,74.3984,16.931
9/2/2024,9:00:00 PM,2:00:00 PM,0,74.3952,17.488
9/2/2024,9:30:00 PM,2:30:00 PM,0,74.3767,18
9/2/2024,10:00:00 PM,3:00:00 PM,0,74.3539,18.475
9/2/2024,10:30:00 PM,3:30:00 PM,0,74.3702,18.765
9/2/2024,11:00:00 PM,4:00:00 PM,0,74.3675,18.924
9/2/2024,11:30:00 PM,4:30:00 PM,0,74.3587,18.922
9/3/2024,12:00:00 AM,5:00:00 PM,0,74.3639,18.812
9/3/2024,12:30:00 AM,5:30:00 PM,0,74.3432,18.711
9/3/2024,1:00:00 AM,6:00:00 PM,0,74.3467,18.555
9/3/2024,1:30:00 AM,6:30:00 PM,0,74.3462,18.362
9/3/2024,2:00:00 AM,7:00:00 PM,0,74.3254,18.209
9/3/2024,2:30:00 AM,7:30:00 PM,0,74.3387,18.001
9/3/2024,3:00:00 AM,8:00:00 PM,0,74.3665,17.763
9/3/2024,3:30:00 AM,8:30:00 PM,0,74.3778,17.558
9/3/2024,4:00:00 AM,9:00:00 PM,0,74.3893,17.323
9/3/2024,4:30:00 AM,9:30:00 PM,0,74.4059,17.058
9/3/2024,5:00:00 AM,10:00:00 PM,0,74.4145,16.755
9/3/2024,5:30:00 AM,10:30:00 PM,0,74.4263,16.458
9/3/2024,6:00:00 AM,11:00:00 PM,0,74.4205,16.09
9/3/2024,6:30:00 AM,11:30:00 PM,0,74.4202,15.714
9/3/2024,7:00:00 AM,12:00:00 AM,0,74.4172,15.332
9/3/2024,7:30:00 AM,12:30:00 AM,0,74.4153,14.958
9/3/2024,8:00:00 AM,1:00:00 AM,0,74.4104,14.536
9/3/2024,8:30:00 AM,1:30:00 AM,0,74.3969,14.098
9/3/2024,9:00:00 AM,2:00:00 AM,0,74.3894,13.662
9/3/2024,9:30:00 AM,2:30:00 AM,0,74.3885,13.183
9/3/2024,10:00:00 AM,3:00:00 AM,0,74.3944,12.758
9/3/2024,10:30:00 AM,3:30:00 AM,0,74.3975,12.287
9/3/2024,11:00:00 AM,4:00:00 AM,0,74.3974,11.857
9/3/2024,11:30:00 AM,4:30:00 AM,0,74.4001,11.424
9/3/2024,12:00:00 PM,5:00:00 AM,0,74.4001,10.999
9/3/2024,12:30:00 PM,5:30:00 AM,0,74.4147,10.589
9/3/2024,1:00:00 PM,6:00:00 AM,0,74.4279,10.177
9/3/2024,1:30:00 PM,6:30:00 AM,0,74.4433,9.792
9/3/2024,2:00:00 PM,7:00:00 AM,0,74.4589,9.406
9/3/2024,2:30:00 PM,7:30:00 AM,0,74.4651,11.61
9/3/2024,3:00:00 PM,8:00:00 AM,0,74.4645,13.735
9/3/2024,3:30:00 PM,8:30:00 AM,0,74.4683,15.425
9/3/2024,4:00:00 PM,9:00:00 AM,0,74.4878,15.639
9/3/2024,4:30:00 PM,9:30:00 AM,0,74.4924,15.173
9/3/2024,5:00:00 PM,10:00:00 AM,0,74.4999,15.024
9/3/2024,5:30:00 PM,10:30:00 AM,0,74.5047,15.207
9/3/2024,6:00:00 PM,11:00:00 AM,0,74.5072,15.481
9/3/2024,6:30:00 PM,11:30:00 AM,0,74.4974,15.802
9/3/2024,7:00:00 PM,12:00:00 PM,0,74.5001,16.3
9/3/2024,7:30:00 PM,12:30:00 PM,0,74.486,17.084
9/3/2024,8:00:00 PM,1:00:00 PM,0,74.4919,17.711
9/3/2024,8:30:00 PM,1:30:00 PM,0,74.4878,18.372
9/3/2024,9:00:00 PM,2:00:00 PM,0,74.4798,19.059
9/3/2024,9:30:00 PM,2:30:00 PM,0,74.4717,19.789
9/3/2024,10:00:00 PM,3:00:00 PM,0,74.4602,20.293
9/3/2024,10:30:00 PM,3:30:00 PM,0,74.4477,20.606
9/3/2024,11:00:00 PM,4:00:00 PM,0,74.4482,21.116
9/3/2024,11:30:00 PM,4:30:00 PM,0,74.4509,21.429
9/4/2024,12:00:00 AM,5:00:00 PM,0,74.449,21.493
9/4/2024,12:30:00 AM,5:30:00 PM,0,74.4558,21.424
9/4/2024,1:00:00 AM,6:00:00 PM,0,74.4762,21.231
9/4/2024,1:30:00 AM,6:30:00 PM,0,74.4796,20.937
9/4/2024,2:00:00 AM,7:00:00 PM,0,74.4861,20.635
9/4/2024,2:30:00 AM,7:30:00 PM,0,74.5046,20.26
9/4/2024,3:00:00 AM,8:00:00 PM,0,74.512,19.835
9/4/2024,3:30:00 AM,8:30:00 PM,0,74.5296,19.284
9/4/2024,4:00:00 AM,9:00:00 PM,0,74.5465,18.741
9/4/2024,4:30:00 AM,9:30:00 PM,0,74.5665,18.102
9/4/2024,5:00:00 AM,10:00:00 PM,0,74.5723,17.475
9/4/2024,5:30:00 AM,10:30:00 PM,0,74.5682,16.843
9/4/2024,6:00:00 AM,11:00:00 PM,0,74.5645,16.242
9/4/2024,6:30:00 AM,11:30:00 PM,0,74.5777,15.661
9/4/2024,7:00:00 AM,12:00:00 AM,0,74.5896,15.114
9/4/2024,7:30:00 AM,12:30:00 AM,0,74.5776,14.576
9/4/2024,8:00:00 AM,1:00:00 AM,0,74.5795,14.047
9/4/2024,8:30:00 AM,1:30:00 AM,0,74.5765,13.536
9/4/2024,9:00:00 AM,2:00:00 AM,0,74.5721,13.047
9/4/2024,9:30:00 AM,2:30:00 AM,0,74.5703,12.564
9/4/2024,10:00:00 AM,3:00:00 AM,0,74.5751,12.125
9/4/2024,10:30:00 AM,3:30:00 AM,0,74.5693,11.7
9/4/2024,11:00:00 AM,4:00:00 AM,0,74.5665,11.333
9/4/2024,11:30:00 AM,4:30:00 AM,0,74.5608,10.929
9/4/2024,12:00:00 PM,5:00:00 AM,0,74.5708,10.53
9/4/2024,12:30:00 PM,5:30:00 AM,0,74.5757,10.211
9/4/2024,1:00:00 PM,6:00:00 AM,0,74.5836,9.954
9/4/2024,1:30:00 PM,6:30:00 AM,0,74.596,9.718
9/4/2024,2:00:00 PM,7:00:00 AM,0,74.6248,9.601
9/4/2024,2:30:00 PM,7:30:00 AM,0,74.6437,11.907
9/4/2024,3:00:00 PM,8:00:00 AM,0,74.6413,13.882
9/4/2024,3:30:00 PM,8:30:00 AM,0,74.6512,15.602
9/4/2024,4:00:00 PM,9:00:00 AM,0,74.6578,17.315
9/4/2024,4:30:00 PM,9:30:00 AM,0,74.6513,18.24
9/4/2024,5:00:00 PM,10:00:00 AM,0,74.6577,19.2
9/4/2024,5:30:00 PM,10:30:00 AM,0,74.6652,19.208
9/4/2024,6:00:00 PM,11:00:00 AM,0,74.6636,19.092
9/4/2024,6:30:00 PM,11:30:00 AM,0,74.658,19.123
9/4/2024,7:00:00 PM,12:00:00 PM,0,74.6632,19.353
9/4/2024,7:30:00 PM,12:30:00 PM,0,74.6592,19.733
9/4/2024,8:00:00 PM,1:00:00 PM,0,74.6584,20.211
9/4/2024,8:30:00 PM,1:30:00 PM,0,74.6603,20.948
9/4/2024,9:00:00 PM,2:00:00 PM,0,74.6718,21.692
9/4/2024,9:30:00 PM,2:30:00 PM,0,74.6699,22.643
9/4/2024,10:00:00 PM,3:00:00 PM,0,74.6627,23.412
9/4/2024,10:30:00 PM,3:30:00 PM,0,74.6699,23.764
9/4/2024,11:00:00 PM,4:00:00 PM,0,74.6769,23.94
9/4/2024,11:30:00 PM,4:30:00 PM,0,74.6849,24.059
9/5/2024,12:00:00 AM,5:00:00 PM,0,74.6935,24.012
9/5/2024,12:30:00 AM,5:30:00 PM,0,74.7094,23.901
9/5/2024,1:00:00 AM,6:00:00 PM,0,74.7134,23.649
9/5/2024,1:30:00 AM,6:30:00 PM,0,74.7206,23.367
9/5/2024,2:00:00 AM,7:00:00 PM,0,74.7309,23.005
9/5/2024,2:30:00 AM,7:30:00 PM,0,74.7464,22.661
9/5/2024,3:00:00 AM,8:00:00 PM,0,74.7693,22.218
9/5/2024,3:30:00 AM,8:30:00 PM,0,74.7902,21.712
9/5/2024,4:00:00 AM,9:00:00 PM,0,74.8201,21.089
9/5/2024,4:30:00 AM,9:30:00 PM,0,74.8317,20.476
9/5/2024,5:00:00 AM,10:00:00 PM,0,74.8385,19.752
9/5/2024,5:30:00 AM,10:30:00 PM,0,74.8399,19.068
9/5/2024,6:00:00 AM,11:00:00 PM,0,74.8478,18.412
9/5/2024,6:30:00 AM,11:30:00 PM,0,74.8415,17.737
9/5/2024,7:00:00 AM,12:00:00 AM,0,74.8377,16.983
9/5/2024,7:30:00 AM,12:30:00 AM,0,74.8385,16.297
9/5/2024,8:00:00 AM,1:00:00 AM,0,74.8363,15.598
9/5/2024,8:30:00 AM,1:30:00 AM,0,74.8354,14.975
9/5/2024,9:00:00 AM,2:00:00 AM,0,74.8381,14.358
9/5/2024,9:30:00 AM,2:30:00 AM,0,74.8441,13.753
9/5/2024,10:00:00 AM,3:00:00 AM,0,74.8465,13.205
9/5/2024,10:30:00 AM,3:30:00 AM,0,74.8428,12.701
9/5/2024,11:00:00 AM,4:00:00 AM,0,74.8285,12.296
9/5/2024,11:30:00 AM,4:30:00 AM,0,74.826,11.945
9/5/2024,12:00:00 PM,5:00:00 AM,0,74.8306,11.597
9/5/2024,12:30:00 PM,5:30:00 AM,0,74.8248,11.302
9/5/2024,1:00:00 PM,6:00:00 AM,0,74.8428,11.008
9/5/2024,1:30:00 PM,6:30:00 AM,0,74.8707,10.689
9/5/2024,2:00:00 PM,7:00:00 AM,0,74.8918,10.484
9/5/2024,2:30:00 PM,7:30:00 AM,0,74.8878,12.624
9/5/2024,3:00:00 PM,8:00:00 AM,0,74.8907,14.204
9/5/2024,3:30:00 PM,8:30:00 AM,0,74.8859,14.945
9/5/2024,4:00:00 PM,9:00:00 AM,0,74.8811,16.07
9/5/2024,4:30:00 PM,9:30:00 AM,0,74.885,17.435
9/5/2024,5:00:00 PM,10:00:00 AM,0,74.888,17.644
9/5/2024,5:30:00 PM,10:30:00 AM,0,74.8857,18.145
9/5/2024,6:00:00 PM,11:00:00 AM,0,74.8782,18.768
9/5/2024,6:30:00 PM,11:30:00 AM,0,74.8744,19.471
9/5/2024,7:00:00 PM,12:00:00 PM,0,74.8711,20.108
9/5/2024,7:30:00 PM,12:30:00 PM,0,74.8621,20.803
9/5/2024,8:00:00 PM,1:00:00 PM,0,74.8516,21.298
9/5/2024,8:30:00 PM,1:30:00 PM,0,74.8509,22.338
9/5/2024,9:00:00 PM,2:00:00 PM,0,74.8383,23.179
9/5/2024,9:30:00 PM,2:30:00 PM,0,74.8212,23.972
9/5/2024,10:00:00 PM,3:00:00 PM,0,74.8082,24.527
9/5/2024,10:30:00 PM,3:30:00 PM,0,74.8022,24.843
9/5/2024,11:00:00 PM,4:00:00 PM,0,74.801,24.886
9/5/2024,11:30:00 PM,4:30:00 PM,0,74.7973,24.871
9/6/2024,12:00:00 AM,5:00:00 PM,0,74.8045,24.776
9/6/2024,12:30:00 AM,5:30:00 PM,0,74.7989,24.561
9/6/2024,1:00:00 AM,6:00:00 PM,0,74.7916,24.3
9/6/2024,1:30:00 AM,6:30:00 PM,0,74.78,24.011
9/6/2024,2:00:00 AM,7:00:00 PM,0,74.7847,23.641
9/6/2024,2:30:00 AM,7:30:00 PM,0,74.7862,23.218
9/6/2024,3:00:00 AM,8:00:00 PM,0,74.8025,22.684
9/6/2024,3:30:00 AM,8:30:00 PM,0,74.8277,22.169
9/6/2024,4:00:00 AM,9:00:00 PM,0,74.8415,21.527
9/6/2024,4:30:00 AM,9:30:00 PM,0,74.8499,20.872
9/6/2024,5:00:00 AM,10:00:00 PM,0,74.8512,20.138
9/6/2024,5:30:00 AM,10:30:00 PM,0,74.8558,19.437
9/6/2024,6:00:00 AM,11:00:00 PM,0,74.8509,18.767
9/6/2024,6:30:00 AM,11:30:00 PM,0,74.8625,18.152
9/6/2024,7:00:00 AM,12:00:00 AM,0,74.8575,17.522
9/6/2024,7:30:00 AM,12:30:00 AM,0,74.8556,16.915
9/6/2024,8:00:00 AM,1:00:00 AM,0,74.8521,16.352
9/6/2024,8:30:00 AM,1:30:00 AM,0,74.8545,15.861
9/6/2024,9:00:00 AM,2:00:00 AM,0,74.8462,15.364
9/6/2024,9:30:00 AM,2:30:00 AM,0,74.8412,14.892
9/6/2024,10:00:00 AM,3:00:00 AM,0,74.8298,14.466
9/6/2024,10:30:00 AM,3:30:00 AM,0,74.8137,14.002
9/6/2024,11:00:00 AM,4:00:00 AM,0,74.7955,13.618
9/6/2024,11:30:00 AM,4:30:00 AM,0,74.7775,13.266
9/6/2024,12:00:00 PM,5:00:00 AM,0,74.7673,12.901
9/6/2024,12:30:00 PM,5:30:00 AM,0,74.7661,12.546
9/6/2024,1:00:00 PM,6:00:00 AM,0,74.7648,12.2
9/6/2024,1:30:00 PM,6:30:00 AM,0,74.7776,11.85
9/6/2024,2:00:00 PM,7:00:00 AM,0,74.7903,11.656
9/6/2024,2:30:00 PM,7:30:00 AM,0,74.7845,11.472
9/6/2024,3:00:00 PM,8:00:00 AM,0,74.7783,11.435
9/6/2024,3:30:00 PM,8:30:00 AM,0,74.7657,12.648
9/6/2024,4:00:00 PM,9:00:00 AM,0,74.7494,14.534
9/6/2024,4:30:00 PM,9:30:00 AM,0,74.7407,15.847
9/6/2024,5:00:00 PM,10:00:00 AM,0,74.7464,16.506
9/6/2024,5:30:00 PM,10:30:00 AM,0,74.7548,17.267
9/6/2024,6:00:00 PM,11:00:00 AM,0,74.7454,17.962
9/6/2024,6:30:00 PM,11:30:00 AM,0,74.7622,18.587
9/6/2024,7:00:00 PM,12:00:00 PM,0,74.7501,19.016
9/6/2024,7:30:00 PM,12:30:00 PM,0,74.7589,19.744
9/6/2024,8:00:00 PM,1:00:00 PM,0,74.732,20.576
9/6/2024,8:30:00 PM,1:30:00 PM,0,74.726,21.37
9/6/2024,9:00:00 PM,2:00:00 PM,0,74.7072,22.007
9/6/2024,9:30:00 PM,2:30:00 PM,0,74.702,22.45
9/6/2024,10:00:00 PM,3:00:00 PM,0,74.7351,22.409
9/6/2024,10:30:00 PM,3:30:00 PM,0,74.6974,22.31
9/6/2024,11:00:00 PM,4:00:00 PM,0,74.6969,22.338
9/6/2024,11:30:00 PM,4:30:00 PM,0,74.6704,22.401
9/7/2024,12:00:00 AM,5:00:00 PM,0,74.6555,22.343
9/7/2024,12:30:00 AM,5:30:00 PM,0,74.6411,22.288
9/7/2024,1:00:00 AM,6:00:00 PM,0,74.6314,22.196
9/7/2024,1:30:00 AM,6:30:00 PM,0,74.6245,22.075
9/7/2024,2:00:00 AM,7:00:00 PM,0,74.6265,21.761
9/7/2024,2:30:00 AM,7:30:00 PM,0,74.6232,21.455
9/7/2024,3:00:00 AM,8:00:00 PM,0,74.6378,21.051
9/7/2024,3:30:00 AM,8:30:00 PM,0,74.6569,20.541
9/7/2024,4:00:00 AM,9:00:00 PM,0,74.6706,19.996
9/7/2024,4:30:00 AM,9:30:00 PM,0,74.6766,19.399
9/7/2024,5:00:00 AM,10:00:00 PM,0,74.6736,18.804
9/7/2024,5:30:00 AM,10:30:00 PM,0,74.6756,18.191
9/7/2024,6:00:00 AM,11:00:00 PM,0,74.6748,17.558
9/7/2024,6:30:00 AM,11:30:00 PM,0,74.6726,16.966
9/7/2024,7:00:00 AM,12:00:00 AM,0,74.6797,16.385
9/7/2024,7:30:00 AM,12:30:00 AM,0,74.6762,15.823
9/7/2024,8:00:00 AM,1:00:00 AM,0,74.6598,15.233
9/7/2024,8:30:00 AM,1:30:00 AM,0,74.6441,14.723
9/7/2024,9:00:00 AM,2:00:00 AM,0,74.6159,14.181
9/7/2024,9:30:00 AM,2:30:00 AM,0,74.5837,13.756
9/7/2024,10:00:00 AM,3:00:00 AM,0,74.5653,13.274
9/7/2024,10:30:00 AM,3:30:00 AM,0,74.5488,12.826
9/7/2024,11:00:00 AM,4:00:00 AM,0,74.5294,12.392
9/7/2024,11:30:00 AM,4:30:00 AM,0,74.5231,11.955
9/7/2024,12:00:00 PM,5:00:00 AM,0,74.5158,11.544
9/7/2024,12:30:00 PM,5:30:00 AM,0,74.515,11.185
9/7/2024,1:00:00 PM,6:00:00 AM,0,74.5203,10.818
9/7/2024,1:30:00 PM,6:30:00 AM,0,74.526,10.463
9/7/2024,2:00:00 PM,7:00:00 AM,0,74.539,10.133
9/7/2024,2:30:00 PM,7:30:00 AM,0,74.5449,9.853
9/7/2024,3:00:00 PM,8:00:00 AM,0,74.5436,9.728
9/7/2024,3:30:00 PM,8:30:00 AM,0,74.5328,9.913
9/7/2024,4:00:00 PM,9:00:00 AM,0,74.5305,10.302
9/7/2024,4:30:00 PM,9:30:00 AM,0,74.5256,10.839
9/7/2024,5:00:00 PM,10:00:00 AM,0,74.5465,11.774
9/7/2024,5:30:00 PM,10:30:00 AM,0,74.5377,12.822
9/7/2024,6:00:00 PM,11:00:00 AM,0,74.5248,13.746
9/7/2024,6:30:00 PM,11:30:00 AM,0,74.5405,14.872
9/7/2024,7:00:00 PM,12:00:00 PM,0,74.5239,15.732
9/7/2024,7:30:00 PM,12:30:00 PM,0,74.5067,16.593
9/7/2024,8:00:00 PM,1:00:00 PM,0,74.5034,17.359
9/7/2024,8:30:00 PM,1:30:00 PM,0,74.4795,18.114
9/7/2024,9:00:00 PM,2:00:00 PM,0,74.453,18.917
9/7/2024,9:30:00 PM,2:30:00 PM,0,74.4529,19.697
9/7/2024,10:00:00 PM,3:00:00 PM,0,74.429,20.232
9/7/2024,10:30:00 PM,3:30:00 PM,0,74.406,20.558
9/7/2024,11:00:00 PM,4:00:00 PM,0,74.3897,20.836
9/7/2024,11:30:00 PM,4:30:00 PM,0,74.3796,21.001
9/8/2024,12:00:00 AM,5:00:00 PM,0,74.3574,21.104
9/8/2024,12:30:00 AM,5:30:00 PM,0,74.3546,21.051
9/8/2024,1:00:00 AM,6:00:00 PM,0,74.3403,20.922
9/8/2024,1:30:00 AM,6:30:00 PM,0,74.3312,20.691
9/8/2024,2:00:00 AM,7:00:00 PM,0,74.3229,20.476
9/8/2024,2:30:00 AM,7:30:00 PM,0,74.3417,20.149
9/8/2024,3:00:00 AM,8:00:00 PM,0,74.3538,19.777
9/8/2024,3:30:00 AM,8:30:00 PM,0,74.3676,19.25
9/8/2024,4:00:00 AM,9:00:00 PM,0,74.3837,18.738
9/8/2024,4:30:00 AM,9:30:00 PM,0,74.3906,18.157
9/8/2024,5:00:00 AM,10:00:00 PM,0,74.3914,17.587
9/8/2024,5:30:00 AM,10:30:00 PM,0,74.3984,16.994
9/8/2024,6:00:00 AM,11:00:00 PM,0,74.3788,16.347
9/8/2024,6:30:00 AM,11:30:00 PM,0,74.3749,15.7
9/8/2024,7:00:00 AM,12:00:00 AM,0,74.3678,15.129
9/8/2024,7:30:00 AM,12:30:00 AM,0,74.3651,14.58
9/8/2024,8:00:00 AM,1:00:00 AM,0,74.3589,14.044
9/8/2024,8:30:00 AM,1:30:00 AM,0,74.3456,13.557
9/8/2024,9:00:00 AM,2:00:00 AM,0,74.3213,13.108
9/8/2024,9:30:00 AM,2:30:00 AM,0,74.3156,12.648
9/8/2024,10:00:00 AM,3:00:00 AM,0,74.305,12.207
9/8/2024,10:30:00 AM,3:30:00 AM,0,74.2999,11.77
9/8/2024,11:00:00 AM,4:00:00 AM,0,74.2878,11.344
9/8/2024,11:30:00 AM,4:30:00 AM,0,74.2892,10.967
9/8/2024,12:00:00 PM,5:00:00 AM,0,74.2924,10.558
9/8/2024,12:30:00 PM,5:30:00 AM,0,74.2951,10.152
9/8/2024,1:00:00 PM,6:00:00 AM,0,74.3089,9.767
9/8/2024,1:30:00 PM,6:30:00 AM,0,74.3228,9.359
9/8/2024,2:00:00 PM,7:00:00 AM,0,74.3486,9.033
9/8/2024,2:30:00 PM,7:30:00 AM,0,74.3561,8.744
9/8/2024,3:00:00 PM,8:00:00 AM,0,74.3632,8.621
9/8/2024,3:30:00 PM,8:30:00 AM,0,74.3579,8.787
9/8/2024,4:00:00 PM,9:00:00 AM,0,74.3551,9.233
9/8/2024,4:30:00 PM,9:30:00 AM,0,74.3625,9.93
9/8/2024,5:00:00 PM,10:00:00 AM,0,74.3743,10.852
9/8/2024,5:30:00 PM,10:30:00 AM,0,74.3923,12.039
9/8/2024,6:00:00 PM,11:00:00 AM,0,74.3788,13.084
9/8/2024,6:30:00 PM,11:30:00 AM,0,74.378,14.018
9/8/2024,7:00:00 PM,12:00:00 PM,0,74.3784,14.894
9/8/2024,7:30:00 PM,12:30:00 PM,0,74.3844,15.776
9/8/2024,8:00:00 PM,1:00:00 PM,0,74.394,16.64
9/8/2024,8:30:00 PM,1:30:00 PM,0,74.3623,17.502
9/8/2024,9:00:00 PM,2:00:00 PM,0,74.3657,18.236
9/8/2024,9:30:00 PM,2:30:00 PM,0,74.3613,18.908
9/8/2024,10:00:00 PM,3:00:00 PM,0,74.347,19.403
9/8/2024,10:30:00 PM,3:30:00 PM,0,74.3253,19.818
9/8/2024,11:00:00 PM,4:00:00 PM,0,74.3272,20.094
9/8/2024,11:30:00 PM,4:30:00 PM,0,74.3208,20.248
9/9/2024,12:00:00 AM,5:00:00 PM,0,74.302,20.283
9/9/2024,12:30:00 AM,5:30:00 PM,0,74.2858,20.256
9/9/2024,1:00:00 AM,6:00:00 PM,0,74.2908,20.138
9/9/2024,1:30:00 AM,6:30:00 PM,0,74.287,19.954
9/9/2024,2:00:00 AM,7:00:00 PM,0,74.2871,19.711
9/9/2024,2:30:00 AM,7:30:00 PM,0,74.3079,19.431
9/9/2024,3:00:00 AM,8:00:00 PM,0,74.3281,19.027
9/9/2024,3:30:00 AM,8:30:00 PM,0,74.3651,18.556
9/9/2024,4:00:00 AM,9:00:00 PM,0,74.3789,17.992
9/9/2024,4:30:00 AM,9:30:00 PM,0,74.3862,17.433
9/9/2024,5:00:00 AM,10:00:00 PM,0,74.3966,16.825
9/9/2024,5:30:00 AM,10:30:00 PM,0,74.3991,16.178
9/9/2024,6:00:00 AM,11:00:00 PM,0,74.3916,15.581
9/9/2024,6:30:00 AM,11:30:00 PM,0,74.3932,14.981
9/9/2024,7:00:00 AM,12:00:00 AM,0,74.3833,14.399
9/9/2024,7:30:00 AM,12:30:00 AM,0,74.399,13.827
9/9/2024,8:00:00 AM,1:00:00 AM,0,74.4075,13.271
9/9/2024,8:30:00 AM,1:30:00 AM,0,74.4042,12.736
9/9/2024,9:00:00 AM,2:00:00 AM,0,74.3885,12.206
9/9/2024,9:30:00 AM,2:30:00 AM,0,74.3783,11.738
9/9/2024,10:00:00 AM,3:00:00 AM,0,74.3789,11.244
9/9/2024,10:30:00 AM,3:30:00 AM,0,74.3601,10.755
9/9/2024,11:00:00 AM,4:00:00 AM,0,74.3695,10.338
9/9/2024,11:30:00 AM,4:30:00 AM,0,74.3766,9.924
9/9/2024,12:00:00 PM,5:00:00 AM,0,74.3868,9.511
9/9/2024,12:30:00 PM,5:30:00 AM,0,74.3831,9.101
9/9/2024,1:00:00 PM,6:00:00 AM,0,74.3733,8.71
9/9/2024,1:30:00 PM,6:30:00 AM,0,74.3991,8.313
9/9/2024,2:00:00 PM,7:00:00 AM,0,74.4116,8.452
9/9/2024,2:30:00 PM,7:30:00 AM,0,74.4184,10.596
9/9/2024,3:00:00 PM,8:00:00 AM,0,74.4303,12.404
9/9/2024,3:30:00 PM,8:30:00 AM,0,74.4213,14.261
